Model,Penjelasan Singkat
**K-Means Clustering**,"Model ini membagi data ke dalam sejumlah kelompok (K) berdasarkan kemiripannya. Ibarat menyortir sekumpulan kelereng acak ke dalam beberapa toples berdasarkan warna yang paling mirip. Contoh: mengelompokkan pelanggan toko online berdasarkan pola belanjanya."
**Hierarchical Clustering**,"Model ini mengelompokkan data secara bertahap membentuk struktur pohon. Ibarat menyusun silsilah keluarga dari individu-individu yang ada hingga mengerucut ke satu leluhur. Contoh: mengelompokkan gen hewan untuk melihat sejarah evolusinya."
**DBSCAN**,"Model ini mencari kelompok data yang padat dan bersambung tanpa peduli bentuknya, dan tidak perlu tahu jumlah kelompoknya di awal. Ibarat melihat kerumunan orang di alun-alun, Anda otomatis tahu itu satu kelompok tanpa harus menghitung mereka. Contoh: mendeteksi area rawan macet dari ribuan titik GPS kendaraan."
**Gaussian Mixture Model (GMM)**,"Model ini mengelompokkan data dengan asumsi tiap kelompok merupakan campuran bentuk probabilitas lonceng (oval). Ibarat menebak dari dapur mana asal bau masakan yang saling bercampur di sebuah restoran, ia memberikan persentase kemungkinan. Contoh: memisahkan suara beberapa orang yang berbicara bersamaan."
**Principal Component Analysis (PCA)**,"Model ini memadatkan data rumit dengan banyak fitur menjadi versi lebih sederhana tanpa membuang inti informasinya. Ibarat mengambil satu sudut foto siluet dari sebuah patung 3D yang paling menonjolkan bentuk patung tersebut. Contoh: merangkum puluhan pertanyaan kuesioner menjadi 2 faktor utama."
**t-SNE**,"Model ini sangat jago menerjemahkan data berdimensi sangat tinggi menjadi sebaran titik di gambar 2D agar mata manusia bisa melihat kelompoknya. Ibarat menggambar peta bumi datar dari globe 3D tanpa merusak posisi negara bertetangga. Contoh: memvisualisasikan kemiripan ribuan gambar wajah."
**UMAP**,"Serupa dengan t-SNE namun model ini jauh lebih cepat dan lebih baik dalam menjaga jarak antar kelompok secara keseluruhan. Ibarat memotret lanskap kota dengan lensa wide yang sangat akurat menjaga letak antar gedung. Contoh: memetakan jutaan data sel biologi."
**Autoencoder**,"Model kecerdasan buatan (Neural Network) yang berlatih menyusutkan data ke ukuran kecil lalu mengembangkannya lagi agar mirip aslinya. Ibarat membuat singkatan rahasia untuk sebuah pesan panjang lalu berlatih mengembalikan singkatan itu jadi pesan utuh. Contoh: menghilangkan bintik noise dari foto lama."
**Isolation Forest**,"Model ini mencari data aneh (anomali) dengan cara menebang pohon keputusan secara acak hingga data tersebut terisolasi sendirian. Ibarat mencari satu murid berbaju merah di lapangan berisi murid berbaju putih, ia langsung terpisah tanpa butuh banyak pertanyaan. Contoh: mendeteksi penipuan transaksi kartu kredit."
**One-Class SVM**,"Model ini belajar mengenali dan membungkus ruang batas data yang ""normal"", lalu menganggap semua data di luar batas itu sebagai hal yang mencurigakan. Ibarat membuat pagar di sekeliling kawanan domba, jika ada hewan di luar pagar, itu pasti bukan domba. Contoh: mendeteksi kerusakan pada mesin pabrik dari suara getarannya yang tiba-tiba aneh."